Number,Name,Primary Type,Secondary Type,Total,HP,Attack,Defense,Special Attack,Special Defense,Speed,Generation
1.0,Bulbasaur,POISON,GRASS,45,49,49,65,65,45,318,1
2.0,Ivysaur,POISON,GRASS,60,62,63,80,80,60,405,1
3.0,Venusaur,POISON,GRASS,80,82,83,100,100,80,525,1
3.1,Mega Venusaur,POISON,GRASS,80,100,123,122,120,80,625,1
4.0,Charmander,FIRE,,39,52,43,60,50,65,309,1
5.0,Charmeleon,FIRE,,58,64,58,80,65,80,405,1
6.0,Charizard,FLYING,FIRE,78,84,78,109,85,100,534,1
6.1,Mega Charizard X,DRAGON,FIRE,78,130,111,130,85,100,634,1
6.2,Mega Charizard Y,FLYING,FIRE,78,104,78,159,115,100,634,1
7.0,Squirtle,WATER,,44,48,65,50,64,43,314,1
8.0,Wartortle,WATER,,59,63,80,65,80,58,405,1
9.0,Blastoise,WATER,,79,83,100,85,105,78,530,1
9.1,Mega Blastoise,WATER,WATER,79,103,120,135,115,78,630,1
10.0,Caterpie,BUG,,45,30,35,20,20,45,195,1
11.0,Metapod,BUG,,50,20,55,25,25,30,205,1
12.0,Butterfree,FLYING,BUG,60,45,50,80,80,70,385,1
13.0,Weedle,POISON,BUG,40,35,30,20,20,50,195,1
14.0,Kakuna,POISON,BUG,45,25,50,25,25,35,205,1
15.0,Beedrill,POISON,BUG,65,80,40,45,80,75,385,1
16.0,Pidgey,FLYING,NORMAL,40,45,40,35,35,56,251,1
17.0,Pidgeotto,FLYING,NORMAL,63,60,55,50,50,71,349,1
18.0,Pidgeot,FLYING,NORMAL,83,80,75,70,70,91,469,1
19.0,Rattata,NORMAL,,30,56,35,25,35,72,253,1
20.0,Raticate,NORMAL,,55,81,60,50,70,97,413,1
21.0,Spearow,FLYING,NORMAL,40,60,30,31,31,70,262,1
22.0,Fearow,FLYING,NORMAL,65,90,65,61,61,100,442,1
23.0,Ekans,POISON,,35,60,44,40,54,55,288,1
24.0,Arbok,POISON,,60,85,69,65,79,80,438,1
25.0,Pikachu,ELECTRIC,,35,55,30,50,40,90,300,1
26.0,Raichu,ELECTRIC,,60,90,55,90,80,100,475,1
27.0,Sandshrew,GROUND,,50,75,85,20,30,40,300,1
28.0,Sandslash,GROUND,,75,100,110,45,55,65,450,1
29.0,Nidoran♀,POISON,,55,47,52,40,40,41,275,1
30.0,Nidorina,POISON,,70,62,67,55,55,56,365,1
31.0,Nidoqueen,GROUND,POISON,90,82,87,75,85,76,495,1
32.0,Nidoran♂,POISON,,46,57,40,40,40,50,273,1
33.0,Nidorino,POISON,,61,72,57,55,55,65,365,1
34.0,Nidoking,GROUND,POISON,81,92,77,85,75,85,495,1
35.0,Clefairy,FAIRY,,70,45,48,60,65,35,323,1
36.0,Clefable,FAIRY,,95,70,73,85,90,60,473,1
37.0,Vulpix,FIRE,,38,41,40,50,65,65,299,1
38.0,Ninetales,FIRE,,73,76,75,81,100,100,505,1
39.0,Jigglypuff,FAIRY,NORMAL,115,45,20,45,25,20,270,1
40.0,Wigglytuff,FAIRY,NORMAL,140,70,45,75,50,45,425,1
41.0,Zubat,FLYING,POISON,40,45,35,30,40,55,245,1
42.0,Golbat,FLYING,FLYING,75,80,70,65,75,90,455,1
43.0,Oddish,POISON,GRASS,45,50,55,75,65,30,320,1
44.0,Gloom,POISON,GRASS,60,65,70,85,75,40,395,1
45.0,Vileplume,POISON,GRASS,75,80,85,100,90,50,480,1
46.0,Paras,GRASS,BUG,35,70,55,45,55,25,285,1
47.0,Parasect,GRASS,BUG,60,95,80,60,80,30,405,1
48.0,Venonat,POISON,BUG,60,55,50,40,55,45,305,1
49.0,Venomoth,POISON,BUG,70,65,60,90,75,90,450,1
50.0,Diglett,GROUND,,10,55,25,35,45,95,265,1
51.0,Dugtrio,GROUND,,35,80,50,50,70,120,405,1
52.0,Meowth,NORMAL,,40,45,35,40,40,90,290,1
53.0,Persian,NORMAL,,65,70,60,65,65,115,440,1
54.0,Psyduck,WATER,,50,52,48,65,50,55,320,1
55.0,Golduck,WATER,,80,82,78,95,80,85,500,1
56.0,Mankey,FIGHTING,,40,80,35,35,45,70,305,1
57.0,Primeape,FIGHTING,,65,105,60,60,70,95,455,1
58.0,Growlithe,FIRE,,55,70,45,70,50,60,350,1
59.0,Arcanine,FIRE,,90,110,80,100,80,95,555,1
60.0,Poliwag,WATER,,40,50,40,40,40,90,300,1
61.0,Poliwhirl,WATER,,65,65,65,50,50,90,385,1
62.0,Poliwrath,FIGHTING,WATER,90,85,95,70,90,70,500,1
63.0,Abra,PSYCHIC,,25,20,15,105,55,90,310,1
64.0,Kadabra,PSYCHIC,,40,35,30,120,70,105,400,1
65.0,Alakazam,PSYCHIC,,55,50,45,135,85,120,490,1
65.1,Mega Alakazam,PSYCHIC,,55,50,65,175,95,150,590,1
66.0,Machop,FIGHTING,,70,80,50,35,35,35,305,1
67.0,Machoke,FIGHTING,,80,100,70,50,60,45,405,1
68.0,Machamp,FIGHTING,,90,130,80,65,85,55,505,1
69.0,Bellsprout,POISON,GRASS,50,75,35,70,30,40,300,1
70.0,Weepinbell,POISON,GRASS,65,90,50,85,45,55,390,1
71.0,Victreebel,POISON,GRASS,80,105,65,100,60,70,480,1
72.0,Tentacool,POISON,WATER,40,40,35,50,100,70,335,1
73.0,Tentacruel,POISON,WATER,80,70,65,80,120,100,515,1
74.0,Geodude,GROUND,ROCK,40,80,100,30,30,20,300,1
75.0,Graveler,GROUND,ROCK,55,95,115,45,45,35,390,1
76.0,Golem,GROUND,ROCK,80,110,130,55,65,45,485,1
77.0,Ponyta,FIRE,,50,85,55,65,65,90,410,1
78.0,Rapidash,FIRE,,65,100,70,80,80,105,500,1
79.0,Slowpoke,PSYCHIC,WATER,90,65,65,40,40,15,315,1
80.0,Slowbro,PSYCHIC,WATER,95,75,110,100,80,30,490,1
81.0,Magnemite,STEEL,ELECTRIC,25,35,70,95,55,45,325,1
82.0,Magneton,STEEL,ELECTRIC,50,60,95,120,70,70,465,1
83.0,Farfetch'd,FLYING,NORMAL,52,65,55,58,62,60,352,1
84.0,Doduo,FLYING,NORMAL,35,85,45,35,35,75,310,1
85.0,Dodrio,FLYING,NORMAL,60,110,70,60,60,100,460,1
86.0,Seel,WATER,,65,45,55,45,70,45,325,1
87.0,Dewgong,ICE,WATER,90,70,80,70,95,70,475,1
88.0,Grimer,POISON,,80,80,50,40,50,25,325,1
89.0,Muk,POISON,,105,105,75,65,100,50,500,1
90.0,Shellder,WATER,,30,65,100,45,25,40,305,1
91.0,Cloyster,ICE,WATER,50,95,180,85,45,70,525,1
92.0,Gastly,POISON,GHOST,30,35,30,100,35,80,310,1
93.0,Haunter,POISON,GHOST,45,50,45,115,55,95,405,1
94.0,Gengar,POISON,GHOST,60,65,60,130,75,110,500,1
94.1,Mega Gengar,POISON,GHOST,60,65,80,170,95,130,600,1
95.0,Onix,GROUND,ROCK,35,45,160,30,45,70,385,1
96.0,Drowzee,PSYCHIC,,60,48,45,43,90,42,328,1
97.0,Hypno,PSYCHIC,,85,73,70,73,115,67,483,1
98.0,Krabby,WATER,,30,105,90,25,25,50,325,1
99.0,Kingler,WATER,,55,130,115,50,50,75,475,1
100.0,Voltorb,ELECTRIC,,40,30,50,55,55,100,330,1
101.0,Electrode,ELECTRIC,,60,50,70,80,80,140,480,1
102.0,Exeggcute,PSYCHIC,GRASS,60,40,80,60,45,40,325,1
103.0,Exeggutor,PSYCHIC,GRASS,95,95,85,125,65,55,520,1
104.0,Cubone,GROUND,,50,50,95,40,50,35,320,1
105.0,Marowak,GROUND,,60,80,110,50,80,45,425,1
106.0,Hitmonlee,FIGHTING,,50,120,53,35,110,87,455,1
107.0,Hitmonchan,FIGHTING,,50,105,79,35,110,76,455,1
108.0,Lickitung,NORMAL,,90,55,75,60,75,30,385,1
109.0,Koffing,POISON,,40,65,95,60,45,35,340,1
110.0,Weezing,POISON,,65,90,120,85,70,60,490,1
111.0,Rhyhorn,ROCK,ROCK,80,85,95,30,30,25,345,1
112.0,Rhydon,ROCK,GROUND,105,130,120,45,45,40,485,1
113.0,Chansey,NORMAL,,250,5,5,35,105,50,450,1
114.0,Tangela,GRASS,,65,55,115,100,40,60,435,1
115.0,Kangaskhan,NORMAL,,105,95,80,40,80,90,490,1
115.1,Mega Kangaskhan,NORMAL,NORMAL,105,125,100,60,100,100,590,1
116.0,Horsea,WATER,,30,40,70,70,25,60,295,1
117.0,Seadra,WATER,,55,65,95,95,45,85,440,1
118.0,Goldeen,WATER,,45,67,60,35,50,63,320,1
119.0,Seaking,WATER,,80,92,65,65,80,68,450,1
120.0,Staryu,WATER,,30,45,55,70,55,85,340,1
121.0,Starmie,PSYCHIC,WATER,60,75,85,100,85,115,520,1
122.0,Mr. Mime,FAIRY,PSYCHIC,40,45,65,100,120,90,460,1
123.0,Scyther,FLYING,BUG,70,110,80,55,80,105,500,1
124.0,Jynx,PSYCHIC,PSYCHIC,65,50,35,115,95,95,455,1
125.0,Electabuzz,ELECTRIC,,65,83,57,95,85,105,490,1
126.0,Magmar,FIRE,,65,95,57,100,85,93,495,1
127.0,Pinsir,BUG,,65,125,100,55,70,85,500,1
127.1,Mega Pinsir,FLYING,BUG,65,155,120,65,90,105,600,1
128.0,Tauros,NORMAL,,75,100,95,40,70,110,490,1
129.0,Magikarp,WATER,,20,10,55,15,20,80,200,1
130.0,Gyarados,FLYING,WATER,95,125,79,60,100,81,540,1
130.1,Mega Gyarados,DARK,WATER,95,155,109,70,130,81,640,1
131.0,Lapras,ICE,WATER,130,85,80,85,95,60,535,1
132.0,Ditto,NORMAL,,48,48,48,48,48,48,288,1
133.0,Eevee,NORMAL,,55,55,50,45,65,55,325,1
134.0,Vaporeon,WATER,,130,65,60,110,95,65,525,1
135.0,Jolteon,ELECTRIC,,65,65,60,110,95,130,525,1
136.0,Flareon,FIRE,,65,130,60,95,110,65,525,1
137.0,Porygon,NORMAL,,65,60,70,85,75,40,395,1
138.0,Omanyte,WATER,ROCK,35,40,100,90,55,35,355,1
139.0,Omastar,WATER,ROCK,70,60,125,115,70,55,495,1
140.0,Kabuto,WATER,ROCK,30,80,90,55,45,55,355,1
141.0,Kabutops,WATER,ROCK,60,115,105,65,70,80,495,1
142.0,Aerodactyl,FLYING,ROCK,80,105,65,60,75,130,515,1
142.1,Mega Aerodactyl,FLYING,ROCK,80,135,85,70,95,150,615,1
143.0,Snorlax,NORMAL,,160,110,65,65,110,30,540,1
144.0,Articuno,FLYING,ICE,90,85,100,95,125,85,580,1
145.0,Zapdos,FLYING,FLYING,90,90,85,125,90,100,580,1
146.0,Moltres,FLYING,FIRE,90,100,90,125,85,90,580,1
147.0,Dratini,DRAGON,,41,64,45,50,50,50,300,1
148.0,Dragonair,DRAGON,,61,84,65,70,70,70,420,1
149.0,Dragonite,FLYING,DRAGON,91,134,95,100,100,80,600,1
150.0,Mewtwo,PSYCHIC,,106,110,90,154,90,130,680,1
150.1,Mega Mewtwo X,FIGHTING,PSYCHIC,106,190,100,154,100,130,780,1
150.2,Mega Mewtwo Y,PSYCHIC,PSYCHIC,106,150,70,194,120,140,780,1
151.0,Mew,PSYCHIC,,100,100,100,100,100,100,600,1
152.0,Chikorita,GRASS,,45,49,65,49,65,45,318,2
153.0,Bayleef,GRASS,,60,62,80,63,80,60,405,2
154.0,Meganium,GRASS,,80,82,100,83,100,80,525,2
155.0,Cyndaquil,FIRE,,39,52,43,60,50,65,309,2
156.0,Quilava,FIRE,,58,64,58,80,65,80,405,2
157.0,Typhlosion,FIRE,,78,84,78,109,85,100,534,2
158.0,Totodile,WATER,,50,65,64,44,48,43,314,2
159.0,Croconaw,WATER,,65,80,80,59,63,58,405,2
160.0,Feraligatr,WATER,,85,105,100,79,83,78,530,2
161.0,Sentret,NORMAL,,35,46,34,35,45,20,215,2
162.0,Furret,NORMAL,,85,76,64,45,55,90,415,2
163.0,Hoothoot,FLYING,NORMAL,60,30,30,36,56,50,262,2
164.0,Noctowl,FLYING,NORMAL,100,50,50,76,96,70,442,2
165.0,Ledyba,FLYING,FLYING,40,20,30,40,80,55,265,2
166.0,Ledian,FLYING,BUG,55,35,50,55,110,85,390,2
167.0,Spinarak,POISON,BUG,40,60,40,40,40,30,250,2
168.0,Ariados,POISON,BUG,70,90,70,60,60,40,390,2
169.0,Crobat,FLYING,POISON,85,90,80,70,80,130,535,2
170.0,Chinchou,ELECTRIC,WATER,75,38,38,56,56,67,330,2
171.0,Lanturn,ELECTRIC,WATER,125,58,58,76,76,67,460,2
172.0,Pichu,ELECTRIC,,20,40,15,35,35,60,205,2
173.0,Cleffa,FAIRY,,50,25,28,45,55,15,218,2
174.0,Igglybuff,FAIRY,NORMAL,90,30,15,40,20,15,210,2
175.0,Togepi,FAIRY,,35,20,65,40,65,20,245,2
176.0,Togetic,FLYING,FAIRY,55,40,85,80,105,40,405,2
177.0,Natu,FLYING,PSYCHIC,40,50,45,70,45,70,320,2
178.0,Xatu,FLYING,PSYCHIC,65,75,70,95,70,95,470,2
179.0,Mareep,ELECTRIC,,55,40,40,65,45,35,280,2
180.0,Flaaffy,ELECTRIC,,70,55,55,80,60,45,365,2
181.0,Ampharos,ELECTRIC,,90,75,75,115,90,55,500,2
181.1,Mega Ampharos,DRAGON,DRAGON,90,95,105,165,110,45,610,2
182.0,Bellossom,GRASS,,75,80,85,90,100,50,480,2
183.0,Marill,FAIRY,WATER,70,20,50,20,50,40,250,2
184.0,Azumarill,FAIRY,FAIRY,100,50,80,50,80,50,410,2
185.0,Sudowoodo,ROCK,,70,100,115,30,65,30,410,2
186.0,Politoed,WATER,,90,75,75,90,100,70,500,2
187.0,Hoppip,FLYING,GRASS,35,35,40,35,55,50,250,2
188.0,Skiploom,FLYING,GRASS,55,45,50,45,65,80,340,2
189.0,Jumpluff,FLYING,GRASS,75,55,70,55,85,110,450,2
190.0,Aipom,NORMAL,,55,70,55,40,55,85,360,2
191.0,Sunkern,GRASS,,30,30,30,30,30,30,180,2
192.0,Sunflora,GRASS,,75,75,55,105,85,30,425,2
193.0,Yanma,FLYING,BUG,65,65,45,75,45,95,390,2
194.0,Wooper,GROUND,WATER,55,45,45,25,25,15,210,2
195.0,Quagsire,GROUND,WATER,95,85,85,65,65,35,430,2
196.0,Espeon,PSYCHIC,,65,65,60,130,95,110,525,2
197.0,Umbreon,DARK,,95,65,110,60,130,65,525,2
198.0,Murkrow,FLYING,DARK,60,85,42,85,42,91,405,2
199.0,Slowking,PSYCHIC,WATER,95,75,80,100,110,30,490,2
200.0,Misdreavus,GHOST,,60,60,60,85,85,85,435,2
201.0,Unown,PSYCHIC,,48,72,48,72,48,48,336,2
202.0,Wobbuffet,PSYCHIC,,190,33,58,33,58,33,405,2
203.0,Girafarig,PSYCHIC,NORMAL,70,80,65,90,65,85,455,2
204.0,Pineco,BUG,,50,65,90,35,35,15,290,2
205.0,Forretress,STEEL,STEEL,75,90,140,60,60,40,465,2
206.0,Dunsparce,NORMAL,,100,70,70,65,65,45,415,2
207.0,Gligar,FLYING,GROUND,65,75,105,35,65,85,430,2
208.0,Steelix,GROUND,STEEL,75,85,200,55,65,30,510,2
209.0,Snubbull,FAIRY,,60,80,50,40,40,30,300,2
210.0,Granbull,FAIRY,,90,120,75,60,60,45,450,2
211.0,Qwilfish,POISON,WATER,65,95,75,55,55,85,430,2
212.0,Scizor,STEEL,BUG,70,130,100,55,80,65,500,2
212.1,Mega Scizor,STEEL,BUG,70,150,140,65,100,75,600,2
213.0,Shuckle,ROCK,BUG,20,10,230,10,230,5,505,2
214.0,Heracross,FIGHTING,BUG,80,125,75,40,95,85,500,2
214.1,Mega Heracross,FIGHTING,FIGHTING,80,185,115,40,105,75,600,2
215.0,Sneasel,ICE,DARK,55,95,55,35,75,115,430,2
216.0,Teddiursa,NORMAL,,60,80,50,50,50,40,330,2
217.0,Ursaring,NORMAL,,90,130,75,75,75,55,500,2
218.0,Slugma,FIRE,,40,40,40,70,40,20,250,2
219.0,Magcargo,ROCK,FIRE,50,50,120,80,80,30,410,2
220.0,Swinub,GROUND,ICE,50,50,40,30,30,50,250,2
221.0,Piloswine,ICE,GROUND,100,100,80,60,60,50,450,2
222.0,Corsola,ROCK,WATER,55,55,85,65,85,35,380,2
223.0,Remoraid,WATER,,35,65,35,65,35,65,300,2
224.0,Octillery,WATER,,75,105,75,105,75,45,480,2
225.0,Delibird,FLYING,FLYING,45,55,45,65,45,75,330,2
226.0,Mantine,FLYING,WATER,65,40,70,80,140,70,465,2
227.0,Skarmory,FLYING,STEEL,65,80,140,40,70,70,465,2
228.0,Houndour,FIRE,DARK,45,60,30,80,50,65,330,2
229.0,Houndoom,FIRE,DARK,75,90,50,110,80,95,500,2
229.1,Mega Houndoom,FIRE,DARK,75,90,90,140,90,115,600,2
230.0,Kingdra,DRAGON,WATER,75,95,95,95,95,85,540,2
231.0,Phanpy,GROUND,,90,60,60,40,40,40,330,2
232.0,Donphan,GROUND,,90,120,120,60,60,50,500,2
233.0,Porygon2,NORMAL,,85,80,90,105,95,60,515,2
234.0,Stantler,NORMAL,,73,95,62,85,65,85,465,2
235.0,Smeargle,NORMAL,,55,20,35,20,45,75,250,2
236.0,Tyrogue,FIGHTING,,35,35,35,35,35,35,210,2
237.0,Hitmontop,FIGHTING,,50,95,95,35,110,70,455,2
238.0,Smoochum,PSYCHIC,ICE,45,30,15,85,65,65,305,2
239.0,Elekid,ELECTRIC,,45,63,37,65,55,95,360,2
240.0,Magby,FIRE,,45,75,37,70,55,83,365,2
241.0,Miltank,NORMAL,,95,80,105,40,70,100,490,2
242.0,Blissey,NORMAL,,255,10,10,75,135,55,540,2
243.0,Raikou,ELECTRIC,,90,85,75,115,100,115,580,2
244.0,Entei,FIRE,,115,115,85,90,75,100,580,2
245.0,Suicune,WATER,,100,75,115,90,115,85,580,2
246.0,Larvitar,GROUND,ROCK,50,64,50,45,50,41,300,2
247.0,Pupitar,GROUND,ROCK,70,84,70,65,70,51,410,2
248.0,Tyranitar,DARK,DARK,100,134,110,95,100,61,600,2
248.1,Mega Tyranitar,DARK,ROCK,100,164,150,95,120,71,700,2
249.0,Lugia,FLYING,FLYING,106,90,130,90,154,110,680,2
250.0,Ho-oh,FLYING,FIRE,106,130,90,110,154,90,680,2
251.0,Celebi,GRASS,PSYCHIC,100,100,100,100,100,100,600,2
252.0,Treecko,GRASS,,40,45,35,65,55,70,310,3
253.0,Grovyle,GRASS,,50,65,45,85,65,95,405,3
254.0,Sceptile,GRASS,,70,85,65,105,85,120,530,3
255.0,Torchic,FIRE,,45,60,40,70,50,45,310,3
256.0,Combusken,FIGHTING,FIRE,60,85,60,85,60,55,405,3
257.0,Blaziken,FIGHTING,FIRE,80,120,70,110,70,80,530,3
257.1,Mega Blaziken,FIGHTING,FIRE,80,160,80,130,80,100,630,3
258.0,Mudkip,WATER,,50,70,50,50,50,40,310,3
259.0,Marshtomp,GROUND,GROUND,70,85,70,60,70,50,405,3
260.0,Swampert,GROUND,WATER,100,110,90,85,90,60,535,3
261.0,Poochyena,DARK,,35,55,35,30,30,35,220,3
262.0,Mightyena,DARK,,70,90,70,60,60,70,420,3
263.0,Zigzagoon,NORMAL,,38,30,41,30,41,60,240,3
264.0,Linoone,NORMAL,,78,70,61,50,61,100,420,3
265.0,Wurmple,BUG,,45,45,35,20,30,20,195,3
266.0,Silcoon,BUG,,50,35,55,25,25,15,205,3
267.0,Beautifly,FLYING,BUG,60,70,50,90,50,65,385,3
268.0,Cascoon,BUG,,50,35,55,25,25,15,205,3
269.0,Dustox,POISON,BUG,60,50,70,50,90,65,385,3
270.0,Lotad,GRASS,WATER,40,30,30,40,50,30,220,3
271.0,Lombre,GRASS,WATER,60,50,50,60,70,50,340,3
272.0,Ludicolo,GRASS,WATER,80,70,70,90,100,70,480,3
273.0,Seedot,GRASS,,40,40,50,30,30,30,220,3
274.0,Nuzleaf,DARK,GRASS,70,70,40,60,40,60,340,3
275.0,Shiftry,DARK,GRASS,90,100,60,90,60,80,480,3
276.0,Taillow,FLYING,NORMAL,40,55,30,30,30,85,270,3
277.0,Swellow,FLYING,NORMAL,60,85,60,50,50,125,430,3
278.0,Wingull,WATER,FLYING,40,30,30,55,30,85,270,3
279.0,Pelipper,FLYING,WATER,60,50,100,85,70,65,430,3
280.0,Ralts,FAIRY,PSYCHIC,28,25,25,45,35,40,198,3
281.0,Kirlia,FAIRY,PSYCHIC,38,35,35,65,55,50,278,3
282.0,Gardevoir,FAIRY,PSYCHIC,68,65,65,125,115,80,518,3
282.1,Mega Gardevoir,FAIRY,PSYCHIC,68,85,65,165,135,100,618,3
283.0,Surskit,WATER,BUG,40,30,32,50,52,65,269,3
284.0,Masquerain,FLYING,BUG,70,60,62,80,82,60,414,3
285.0,Shroomish,GRASS,,60,40,60,40,60,35,295,3
286.0,Breloom,FIGHTING,FIGHTING,60,130,80,60,60,70,460,3
287.0,Slakoth,NORMAL,,60,60,60,35,35,30,280,3
288.0,Vigoroth,NORMAL,,80,80,80,55,55,90,440,3
289.0,Slaking,NORMAL,,150,160,100,95,65,100,670,3
290.0,Nincada,GROUND,BUG,31,45,90,30,30,40,266,3
291.0,Ninjask,FLYING,BUG,61,90,45,50,50,160,456,3
292.0,Shedinja,GHOST,BUG,1,90,45,30,30,40,236,3
293.0,Whismur,NORMAL,,64,51,23,51,23,28,240,3
294.0,Loudred,NORMAL,,84,71,43,71,43,48,360,3
295.0,Exploud,NORMAL,,104,91,63,91,63,68,480,3
296.0,Makuhita,FIGHTING,,72,60,30,20,30,25,237,3
297.0,Hariyama,FIGHTING,,144,120,60,40,60,50,474,3
298.0,Azurill,FAIRY,NORMAL,50,20,40,20,40,20,190,3
299.0,Nosepass,ROCK,,30,45,135,45,90,30,375,3
300.0,Skitty,NORMAL,,50,45,45,35,35,50,260,3
301.0,Delcatty,NORMAL,,70,65,65,55,55,70,380,3
302.0,Sableye,GHOST,DARK,50,75,75,65,65,50,380,3
303.0,Mawile,FAIRY,FAIRY,50,85,85,55,55,50,380,3
303.1,Mega Mawile,FAIRY,STEEL,50,105,125,55,95,90,520,3
304.0,Aron,ROCK,STEEL,50,70,100,40,40,30,330,3
305.0,Lairon,ROCK,STEEL,60,90,140,50,50,40,430,3
306.0,Aggron,ROCK,STEEL,70,110,180,60,60,50,530,3
306.1,Mega Aggron,STEEL,STEEL,70,140,230,60,80,50,630,3
307.0,Meditite,PSYCHIC,PSYCHIC,30,40,55,40,55,60,280,3
308.0,Medicham,PSYCHIC,PSYCHIC,60,60,75,60,75,80,410,3
308.1,Mega Medicham,PSYCHIC,PSYCHIC,60,100,85,80,85,100,510,3
309.0,Electrike,ELECTRIC,,40,45,40,65,40,65,295,3
310.0,Manectric,ELECTRIC,,70,75,60,105,60,105,475,3
310.1,Mega Manectric,ELECTRIC,ELECTRIC,70,75,80,135,80,135,575,3
311.0,Plusle,ELECTRIC,,60,50,40,85,75,95,405,3
312.0,Minun,ELECTRIC,,60,40,50,75,85,95,405,3
313.0,Volbeat,BUG,,65,73,55,47,75,85,400,3
314.0,Illumise,BUG,,65,47,55,73,75,85,400,3
315.0,Roselia,POISON,GRASS,50,60,45,100,80,65,400,3
316.0,Gulpin,POISON,,70,43,53,43,53,40,302,3
317.0,Swalot,POISON,,100,73,83,73,83,55,467,3
318.0,Carvanha,DARK,WATER,45,90,20,65,20,65,305,3
319.0,Sharpedo,DARK,WATER,70,120,40,95,40,95,460,3
320.0,Wailmer,WATER,,130,70,35,70,35,60,400,3
321.0,Wailord,WATER,,170,90,45,90,45,60,500,3
322.0,Numel,GROUND,FIRE,60,60,40,65,45,35,305,3
323.0,Camerupt,GROUND,FIRE,70,100,70,105,75,40,460,3
324.0,Torkoal,FIRE,,70,85,140,85,70,20,470,3
325.0,Spoink,PSYCHIC,,60,25,35,70,80,60,330,3
326.0,Grumpig,PSYCHIC,,80,45,65,90,110,80,470,3
327.0,Spinda,NORMAL,,60,60,60,60,60,60,360,3
328.0,Trapinch,GROUND,,45,100,45,45,45,10,290,3
329.0,Vibrava,DRAGON,GROUND,50,70,50,50,50,70,340,3
330.0,Flygon,DRAGON,GROUND,80,100,80,80,80,100,520,3
331.0,Cacnea,GRASS,,50,85,40,85,40,35,335,3
332.0,Cacturne,DARK,DARK,70,115,60,115,60,55,475,3
333.0,Swablu,FLYING,NORMAL,45,40,60,40,75,50,310,3
334.0,Altaria,FLYING,DRAGON,75,70,90,70,105,80,490,3
335.0,Zangoose,NORMAL,,73,115,60,60,60,90,458,3
336.0,Seviper,POISON,,73,100,60,100,60,65,458,3
337.0,Lunatone,PSYCHIC,ROCK,70,55,65,95,85,70,440,3
338.0,Solrock,PSYCHIC,PSYCHIC,70,95,85,55,65,70,440,3
339.0,Barboach,GROUND,WATER,50,48,43,46,41,60,288,3
340.0,Whiscash,GROUND,GROUND,110,78,73,76,71,60,468,3
341.0,Corphish,WATER,,43,80,65,50,35,35,308,3
342.0,Crawdaunt,DARK,WATER,63,120,85,90,55,55,468,3
343.0,Baltoy,PSYCHIC,GROUND,40,40,55,40,70,55,300,3
344.0,Claydol,PSYCHIC,GROUND,60,70,105,70,120,75,500,3
345.0,Lileep,GRASS,ROCK,66,41,77,61,87,23,355,3
346.0,Cradily,GRASS,ROCK,86,81,97,81,107,43,495,3
347.0,Anorith,BUG,ROCK,45,95,50,40,50,75,355,3
348.0,Armaldo,BUG,ROCK,75,125,100,70,80,45,495,3
349.0,Feebas,WATER,,20,15,20,10,55,80,200,3
350.0,Milotic,WATER,,95,60,79,100,125,81,540,3
351.0,Castform,NORMAL,,70,70,70,70,70,70,420,3
352.0,Kecleon,NORMAL,,60,90,70,60,120,40,440,3
353.0,Shuppet,GHOST,,44,75,35,63,33,45,295,3
354.0,Banette,GHOST,,64,115,65,83,63,65,455,3
354.1,Mega Banette,GHOST,GHOST,64,165,75,93,83,75,555,3
355.0,Duskull,GHOST,,20,40,90,30,90,25,295,3
356.0,Dusclops,GHOST,,40,70,130,60,130,25,455,3
357.0,Tropius,FLYING,GRASS,99,68,83,72,87,51,460,3
358.0,Chimecho,PSYCHIC,,65,50,70,95,80,65,425,3
359.0,Absol,DARK,,65,130,60,75,60,75,465,3
359.1,Mega Absol,DARK,DARK,65,150,60,115,60,115,565,3
360.0,Wynaut,PSYCHIC,,95,23,48,23,48,23,260,3
361.0,Snorunt,ICE,,50,50,50,50,50,50,300,3
362.0,Glalie,ICE,,80,80,80,80,80,80,480,3
363.0,Spheal,WATER,ICE,70,40,50,55,50,25,290,3
364.0,Sealeo,WATER,ICE,90,60,70,75,70,45,410,3
365.0,Walrein,WATER,ICE,110,80,90,95,90,65,530,3
366.0,Clamperl,WATER,,35,64,85,74,55,32,345,3
367.0,Huntail,WATER,,55,104,105,94,75,52,485,3
368.0,Gorebyss,WATER,,55,84,105,114,75,52,485,3
369.0,Relicanth,ROCK,WATER,100,90,130,45,65,55,485,3
370.0,Luvdisc,WATER,,43,30,55,40,65,97,330,3
371.0,Bagon,DRAGON,,45,75,60,40,30,50,300,3
372.0,Shelgon,DRAGON,,65,95,100,60,50,50,420,3
373.0,Salamence,FLYING,DRAGON,95,135,80,110,80,100,600,3
374.0,Beldum,PSYCHIC,STEEL,40,55,80,35,60,30,300,3
375.0,Metang,PSYCHIC,STEEL,60,75,100,55,80,50,420,3
376.0,Metagross,PSYCHIC,STEEL,80,135,130,95,90,70,600,3
377.0,Regirock,ROCK,,80,100,200,50,100,50,580,3
378.0,Regice,ICE,,80,50,100,100,200,50,580,3
379.0,Registeel,STEEL,,80,75,150,75,150,50,580,3
380.0,Latias,PSYCHIC,DRAGON,80,80,90,110,130,110,600,3
381.0,Latios,PSYCHIC,PSYCHIC,80,90,80,130,110,110,600,3
382.0,Kyogre,WATER,,100,100,90,150,140,90,670,3
383.0,Groudon,GROUND,,100,150,140,100,90,90,670,3
384.0,Rayquaza,FLYING,DRAGON,105,150,90,150,90,95,680,3
385.0,Jirachi,PSYCHIC,STEEL,100,100,100,100,100,100,600,3
386.0,Deoxys- Normal Forme,PSYCHIC,,50,150,50,150,50,150,600,3
387.0,Turtwig,GRASS,,55,68,64,45,55,31,318,4
388.0,Grotle,GRASS,,75,89,85,55,65,36,405,4
389.0,Torterra,GROUND,GRASS,95,109,105,75,85,56,525,4
390.0,Chimchar,FIRE,,44,58,44,58,44,61,309,4
391.0,Monferno,FIGHTING,FIGHTING,64,78,52,78,52,81,405,4
392.0,Infernape,FIGHTING,FIRE,76,104,71,104,71,108,534,4
393.0,Piplup,WATER,,53,51,53,61,56,40,314,4
394.0,Prinplup,WATER,,64,66,68,81,76,50,405,4
395.0,Empoleon,STEEL,WATER,84,86,88,111,101,60,530,4
396.0,Starly,FLYING,NORMAL,40,55,30,30,30,60,245,4
397.0,Staravia,FLYING,FLYING,55,75,50,40,40,80,340,4
398.0,Staraptor,FLYING,NORMAL,85,120,70,50,50,100,475,4
399.0,Bidoof,NORMAL,,59,45,40,35,40,31,250,4
400.0,Bibarel,WATER,NORMAL,79,85,60,55,60,71,410,4
401.0,Kricketot,BUG,,37,25,41,25,41,25,194,4
402.0,Kricketune,BUG,,77,85,51,55,51,65,384,4
403.0,Shinx,ELECTRIC,,45,65,34,40,34,45,263,4
404.0,Luxio,ELECTRIC,,60,85,49,60,49,60,363,4
405.0,Luxray,ELECTRIC,,80,120,79,95,79,70,523,4
406.0,Budew,POISON,POISON,40,30,35,50,70,55,280,4
407.0,Roserade,POISON,GRASS,60,70,55,125,105,90,505,4
408.0,Cranidos,ROCK,,67,125,40,30,30,58,350,4
409.0,Rampardos,ROCK,,97,165,60,65,50,58,495,4
410.0,Shieldon,STEEL,ROCK,30,42,118,42,88,30,350,4
411.0,Bastiodon,STEEL,ROCK,60,52,168,47,138,30,495,4
412.0,Burmy,BUG,,40,29,45,29,45,36,224,4
413.1,Wormadam- Sandy Cloak,BUG,,60,79,105,59,85,36,424,4
413.2,Wormadam- Plant Cloak,BUG,,60,59,85,79,105,36,424,4
413.3,Wormadam- Trash Cloak,BUG,,60,69,95,69,95,36,424,4
414.0,Mothim,FLYING,BUG,70,94,50,94,50,66,424,4
415.0,Combee,FLYING,BUG,30,30,42,30,42,70,244,4
416.0,Vespiquen,FLYING,FLYING,70,80,102,80,102,40,474,4
417.0,Pachirisu,ELECTRIC,,60,45,70,45,90,95,405,4
418.0,Buizel,WATER,,55,65,35,60,30,85,330,4
419.0,Floatzel,WATER,,85,105,55,85,50,115,495,4
420.0,Cherubi,GRASS,,45,35,45,62,53,35,275,4
421.0,Cherrim,GRASS,,70,60,70,87,78,85,450,4
422.0,Shellos,WATER,,76,48,48,57,62,34,325,4
423.0,Gastrodon,GROUND,GROUND,111,83,68,92,82,39,475,4
424.0,Ambipom,NORMAL,,75,100,66,60,66,115,482,4
425.0,Drifloon,GHOST,FLYING,90,50,34,60,44,70,348,4
426.0,Drifblim,GHOST,FLYING,150,80,44,90,54,80,498,4
427.0,Buneary,NORMAL,,55,66,44,44,56,85,350,4
428.0,Lopunny,NORMAL,,65,76,84,54,96,105,480,4
429.0,Mismagius,GHOST,,60,60,60,105,105,105,495,4
430.0,Honchkrow,FLYING,DARK,100,125,52,105,52,71,505,4
431.0,Glameow,NORMAL,,49,55,42,42,37,85,310,4
432.0,Purugly,NORMAL,,71,82,64,64,59,112,452,4
433.0,Chingling,PSYCHIC,,45,30,50,65,50,45,285,4
434.0,Stunky,DARK,POISON,63,63,47,41,41,74,329,4
435.0,Skuntank,DARK,POISON,103,93,67,71,61,84,479,4
436.0,Bronzor,PSYCHIC,STEEL,57,24,86,24,86,23,300,4
437.0,Bronzong,PSYCHIC,STEEL,67,89,116,79,116,33,500,4
438.0,Bonsly,ROCK,,50,80,95,10,45,10,290,4
439.0,Mime Jr.,FAIRY,PSYCHIC,20,25,45,70,90,60,310,4
440.0,Happiny,NORMAL,,100,5,5,15,65,30,220,4
441.0,Chatot,FLYING,NORMAL,76,65,45,92,42,91,411,4
442.0,Spiritomb,DARK,GHOST,50,92,108,92,108,35,485,4
443.0,Gible,GROUND,DRAGON,58,70,45,40,45,42,300,4
444.0,Gabite,GROUND,DRAGON,68,90,65,50,55,82,410,4
445.0,Garchomp,GROUND,DRAGON,108,130,95,80,85,102,600,4
445.1,Mega Garchomp,GROUND,GROUND,108,170,115,120,95,92,700,4
446.0,Munchlax,NORMAL,,135,85,40,40,85,5,390,4
447.0,Riolu,FIGHTING,,40,70,40,35,40,60,285,4
448.0,Lucario,STEEL,FIGHTING,70,110,70,115,70,90,525,4
448.1,Mega Lucario,STEEL,FIGHTING,70,145,88,140,70,112,625,4
449.0,Hippopotas,GROUND,,68,72,78,38,42,32,330,4
450.0,Hippowdon,GROUND,,108,112,118,68,72,47,525,4
451.0,Skorupi,BUG,POISON,40,50,90,30,55,65,330,4
452.0,Drapion,DARK,POISON,70,90,110,60,75,95,500,4
453.0,Croagunk,FIGHTING,POISON,48,61,40,61,40,50,300,4
454.0,Toxicroak,FIGHTING,POISON,83,106,65,86,65,85,490,4
455.0,Carnivine,GRASS,,74,100,72,90,72,46,454,4
456.0,Finneon,WATER,,49,49,56,49,61,66,330,4
457.0,Lumineon,WATER,,69,69,76,69,86,91,460,4
458.0,Mantyke,WATER,FLYING,45,20,50,60,120,50,345,4
459.0,Snover,ICE,GRASS,60,62,50,62,60,40,334,4
460.0,Abomasnow,ICE,GRASS,90,92,75,92,85,60,494,4
460.1,Mega Abomasnow,ICE,GRASS,90,132,105,132,105,30,594,4
461.0,Weavile,ICE,ICE,70,120,65,45,85,125,510,4
462.0,Magnezone,STEEL,ELECTRIC,70,70,115,130,90,60,535,4
463.0,Lickilicky,NORMAL,,110,85,95,80,95,50,515,4
464.0,Rhyperior,GROUND,ROCK,115,140,130,55,55,40,535,4
465.0,Tangrowth,GRASS,,100,100,125,110,50,50,535,4
466.0,Electivire,ELECTRIC,,75,123,67,95,85,95,540,4
467.0,Magmortar,FIRE,,75,95,67,125,95,83,540,4
468.0,Togekiss,FLYING,FAIRY,85,50,95,120,115,80,545,4
469.0,Yanmega,FLYING,BUG,86,76,86,116,56,95,515,4
470.0,Leafeon,GRASS,,65,110,130,60,65,95,525,4
471.0,Glaceon,ICE,,65,60,110,130,95,65,525,4
472.0,Gliscor,FLYING,GROUND,75,95,125,45,75,95,510,4
473.0,Mamoswine,GROUND,ICE,110,130,80,70,60,80,530,4
474.0,Porygon-Z,NORMAL,,85,80,70,135,75,90,535,4
475.0,Gallade,FIGHTING,PSYCHIC,68,125,65,65,115,80,518,4
476.0,Probopass,STEEL,ROCK,60,55,145,75,150,40,525,4
477.0,Dusknoir,GHOST,,45,100,135,65,135,45,525,4
478.0,Froslass,GHOST,ICE,70,80,70,80,70,110,480,4
479.0,Rotom,GHOST,ELECTRIC,50,50,77,95,77,91,440,4
479.1,Heat Rotom,FIRE,FIRE,50,65,107,105,107,86,520,4
479.2,Wash Rotom,WATER,ELECTRIC,50,65,107,105,107,86,520,4
479.3,Frost Rotom,ICE,ELECTRIC,50,65,107,105,107,86,520,4
479.4,Fan Rotom,FLYING,ELECTRIC,50,65,107,105,107,86,520,4
479.5,Mow Rotom,ELECTRIC,GRASS,50,65,107,105,107,86,520,4
480.0,Uxie,PSYCHIC,,75,75,130,75,130,95,580,4
481.0,Mesprit,PSYCHIC,,80,105,105,105,105,80,580,4
482.0,Azelf,PSYCHIC,,75,125,70,125,70,115,580,4
483.0,Dialga,DRAGON,STEEL,100,120,120,150,100,90,680,4
484.0,Palkia,DRAGON,DRAGON,90,120,100,150,120,100,680,4
485.0,Heatran,STEEL,STEEL,91,90,106,130,106,77,600,4
486.0,Regigigas,NORMAL,,110,160,110,80,110,100,670,4
487.0,Giratina- Altered Forme,DRAGON,GHOST,150,100,120,100,120,90,680,4
487.1,Giratina- Origin Forme,DRAGON,GHOST,150,120,100,120,100,90,680,4
488.0,Cresselia,PSYCHIC,,120,70,120,75,130,85,600,4
489.0,Phione,WATER,,80,80,80,80,80,80,480,4
490.0,Manaphy,WATER,,100,100,100,100,100,100,600,4
491.0,Darkrai,DARK,,70,90,90,135,90,125,600,4
492.0,Shaymin- Land Forme,GRASS,,100,100,100,100,100,100,600,4
492.1,Shaymin- Sky Forme,FLYING,GRASS,100,103,75,120,75,127,600,4
493.0,Arceus,NORMAL,,120,120,120,120,120,120,720,4
494.0,Victini,FIRE,PSYCHIC,100,100,100,100,100,100,600,5
495.0,Snivy,GRASS,,45,45,55,45,55,63,308,5
496.0,Servine,GRASS,,60,60,75,60,75,83,413,5
497.0,Serperior,GRASS,,75,75,95,75,95,113,528,5
498.0,Tepig,FIRE,,65,63,45,45,45,45,308,5
499.0,Pignite,FIGHTING,FIRE,90,93,55,70,55,55,418,5
500.0,Emboar,FIGHTING,FIRE,110,123,65,100,65,65,528,5
501.0,Oshawott,WATER,,55,55,45,63,45,45,308,5
502.0,Dewott,WATER,,75,75,60,83,60,60,413,5
503.0,Samurott,WATER,,95,100,85,108,70,70,528,5
504.0,Patrat,NORMAL,,45,55,39,35,39,42,255,5
505.0,Watchog,NORMAL,,60,85,69,60,69,77,420,5
506.0,Lillipup,NORMAL,,45,60,45,25,45,55,275,5
507.0,Herdier,NORMAL,,65,80,65,35,65,60,370,5
508.0,Stoutland,NORMAL,,85,100,90,45,90,80,490,5
509.0,Purrloin,DARK,,41,50,37,50,37,66,281,5
510.0,Liepard,DARK,,64,88,50,88,50,106,446,5
511.0,Pansage,GRASS,,50,53,48,53,48,64,316,5
512.0,Simisage,GRASS,,75,98,63,98,63,101,498,5
513.0,Pansear,FIRE,,50,53,48,53,48,64,316,5
514.0,Simisear,FIRE,,75,98,63,98,63,101,498,5
515.0,Panpour,WATER,,50,53,48,53,48,64,316,5
516.0,Simipour,WATER,,75,98,63,98,63,101,498,5
517.0,Munna,PSYCHIC,,76,25,45,67,55,24,292,5
518.0,Musharna,PSYCHIC,,116,55,85,107,95,29,487,5
519.0,Pidove,FLYING,FLYING,50,55,50,36,30,43,264,5
520.0,Tranquill,FLYING,NORMAL,62,77,62,50,42,65,358,5
521.0,Unfezant,FLYING,NORMAL,80,105,80,65,55,93,478,5
522.0,Blitzle,ELECTRIC,,45,60,32,50,32,76,295,5
523.0,Zebstrika,ELECTRIC,,75,100,63,80,63,116,497,5
524.0,Roggenrola,ROCK,,55,75,85,25,25,15,280,5
525.0,Boldore,ROCK,,70,105,105,50,40,20,390,5
526.0,Gigalith,ROCK,,85,135,130,60,70,25,505,5
527.0,Woobat,FLYING,PSYCHIC,55,45,43,55,43,72,313,5
528.0,Swoobat,FLYING,PSYCHIC,67,57,55,77,55,114,425,5
529.0,Drilbur,GROUND,,60,85,40,30,45,68,328,5
530.0,Excadrill,STEEL,STEEL,110,135,60,50,65,88,508,5
531.0,Audino,NORMAL,,103,60,86,60,86,50,445,5
532.0,Timburr,FIGHTING,,75,80,55,25,35,35,305,5
533.0,Gurdurr,FIGHTING,,85,105,85,40,50,40,405,5
534.0,Conkeldurr,FIGHTING,,105,140,95,55,65,45,505,5
535.0,Tympole,WATER,,50,50,40,50,40,64,294,5
536.0,Palpitoad,GROUND,WATER,75,65,55,65,55,69,384,5
537.0,Seismitoad,WATER,GROUND,105,85,75,85,75,74,499,5
538.0,Throh,FIGHTING,,120,100,85,30,85,45,465,5
539.0,Sawk,FIGHTING,,75,125,75,30,75,85,465,5
540.0,Sewaddle,GRASS,BUG,45,53,70,40,60,42,310,5
541.0,Swadloon,GRASS,BUG,55,63,90,50,80,42,380,5
542.0,Leavanny,GRASS,BUG,75,103,80,70,70,92,490,5
543.0,Venipede,POISON,BUG,30,45,59,30,39,57,260,5
544.0,Whirlipede,POISON,BUG,40,55,99,40,79,47,360,5
545.0,Scolipede,POISON,BUG,60,90,89,55,69,112,475,5
546.0,Cottonee,GRASS,,40,27,60,37,50,66,280,5
547.0,Whimsicott,GRASS,,60,67,85,77,75,116,480,5
548.0,Petilil,GRASS,,45,35,50,70,50,30,280,5
549.0,Lilligant,GRASS,,70,60,75,110,75,90,480,5
550.0,Basculin,WATER,,70,92,65,80,55,98,460,5
551.0,Sandile,DARK,GROUND,50,72,35,35,35,65,292,5
552.0,Krokorok,DARK,GROUND,60,82,45,45,45,74,351,5
553.0,Krookodile,DARK,DARK,95,117,70,65,70,92,509,5
554.0,Darumaka,FIRE,,70,90,45,15,45,50,315,5
555.0,Darmanitan- Standard Mode,FIRE,FIRE,105,140,55,30,55,95,480,5
555.1,Darmanitan- Zen Mode,PSYCHIC,PSYCHIC,105,30,105,140,105,55,540,5
556.0,Maractus,GRASS,,75,86,67,106,67,60,461,5
557.0,Dwebble,ROCK,ROCK,50,65,85,35,35,55,325,5
558.0,Crustle,ROCK,BUG,70,95,125,65,75,45,475,5
559.0,Scraggy,FIGHTING,DARK,50,75,70,35,70,48,348,5
560.0,Scrafty,FIGHTING,DARK,65,90,115,45,115,58,488,5
561.0,Sigilyph,FLYING,PSYCHIC,72,58,80,103,80,97,490,5
562.0,Yamask,GHOST,,38,30,85,55,65,30,303,5
563.0,Cofagrigus,GHOST,,58,50,145,95,105,30,483,5
564.0,Tirtouga,ROCK,WATER,54,78,103,53,45,22,355,5
565.0,Carracosta,ROCK,WATER,74,108,133,83,65,32,495,5
566.0,Archen,FLYING,ROCK,55,112,45,74,45,70,401,5
567.0,Archeops,FLYING,ROCK,75,140,65,112,65,110,567,5
568.0,Trubbish,POISON,,50,50,62,40,62,65,329,5
569.0,Garbodor,POISON,,80,95,82,60,82,75,474,5
570.0,Zorua,DARK,,40,65,40,80,40,65,330,5
571.0,Zoroark,DARK,,60,105,60,120,60,105,510,5
572.0,Minccino,NORMAL,,55,50,40,40,40,75,300,5
573.0,Cinccino,NORMAL,,75,95,60,65,60,115,470,5
574.0,Gothita,PSYCHIC,,45,30,50,55,65,45,290,5
575.0,Gothorita,PSYCHIC,,60,45,70,75,85,55,390,5
576.0,Gothitelle,PSYCHIC,,70,55,95,95,110,65,490,5
577.0,Solosis,PSYCHIC,,45,30,40,105,50,20,290,5
578.0,Duosion,PSYCHIC,,65,40,50,125,60,30,370,5
579.0,Reuniclus,PSYCHIC,,110,65,75,125,85,30,490,5
580.0,Ducklett,FLYING,WATER,62,44,50,44,50,55,305,5
581.0,Swanna,FLYING,WATER,75,87,63,87,63,98,473,5
582.0,Vanillite,ICE,,36,50,50,65,60,44,305,5
583.0,Vanillish,ICE,,51,65,65,80,75,59,395,5
584.0,Vanilluxe,ICE,,71,95,85,110,95,79,535,5
585.0,Deerling,GRASS,NORMAL,60,60,50,40,50,75,335,5
586.0,Sawsbuck,GRASS,NORMAL,80,100,70,60,70,95,475,5
587.0,Emolga,FLYING,ELECTRIC,55,75,60,75,60,103,428,5
588.0,Karrablast,BUG,,50,75,45,40,45,60,315,5
589.0,Escavalier,STEEL,BUG,70,135,105,60,105,20,495,5
590.0,Foongus,POISON,GRASS,69,55,45,55,55,15,294,5
591.0,Amoonguss,POISON,GRASS,114,85,70,85,80,30,464,5
592.0,Frillish,GHOST,GHOST,55,40,50,65,85,40,335,5
593.0,Jellicent,GHOST,WATER,100,60,70,85,105,60,480,5
594.0,Alomomola,WATER,,165,75,80,40,45,65,470,5
595.0,Joltik,ELECTRIC,BUG,50,47,50,57,50,65,319,5
596.0,Galvantula,ELECTRIC,BUG,70,77,60,97,60,108,472,5
597.0,Ferroseed,STEEL,GRASS,44,50,91,24,86,10,305,5
598.0,Ferrothorn,STEEL,GRASS,74,94,131,54,116,20,489,5
599.0,Klink,STEEL,,40,55,70,45,60,30,300,5
600.0,Klang,STEEL,,60,80,95,70,85,50,440,5
601.0,Klinklang,STEEL,,60,100,115,70,85,90,520,5
602.0,Tynamo,ELECTRIC,,35,55,40,45,40,60,275,5
603.0,Eelektrik,ELECTRIC,,65,85,70,75,70,40,405,5
604.0,Eelektross,ELECTRIC,,85,115,80,105,80,50,515,5
605.0,Elgyem,PSYCHIC,,55,55,55,85,55,30,335,5
606.0,Beheeyem,PSYCHIC,,75,75,75,125,95,40,485,5
607.0,Litwick,FIRE,GHOST,50,30,55,65,55,20,275,5
608.0,Lampent,GHOST,FIRE,60,40,60,95,60,55,370,5
609.0,Chandelure,FIRE,GHOST,60,55,90,145,90,80,520,5
610.0,Axew,DRAGON,,46,87,60,30,40,57,320,5
611.0,Fraxure,DRAGON,,66,117,70,40,50,67,410,5
612.0,Haxorus,DRAGON,,76,147,90,60,70,97,540,5
613.0,Cubchoo,ICE,,55,70,40,60,40,40,305,5
614.0,Beartic,ICE,,95,110,80,70,80,50,485,5
615.0,Cryogonal,ICE,,70,50,30,95,135,105,485,5
616.0,Shelmet,BUG,,50,40,85,40,65,25,305,5
617.0,Accelgor,BUG,,80,70,40,100,60,145,495,5
618.0,Stunfisk,GROUND,ELECTRIC,109,66,84,81,99,32,471,5
619.0,Mienfoo,FIGHTING,,45,85,50,55,50,65,350,5
620.0,Mienshao,FIGHTING,,65,125,60,95,60,105,510,5
621.0,Druddigon,DRAGON,,77,120,90,60,90,48,485,5
622.0,Golett,GHOST,GROUND,59,74,50,35,50,35,303,5
623.0,Golurk,GHOST,GHOST,89,124,80,55,80,55,483,5
624.0,Pawniard,STEEL,DARK,45,85,70,40,40,60,340,5
625.0,Bisharp,STEEL,DARK,65,125,100,60,70,70,490,5
626.0,Bouffalant,NORMAL,,95,110,95,40,95,55,490,5
627.0,Rufflet,NORMAL,FLYING,70,83,50,37,50,60,350,5
628.0,Braviary,FLYING,NORMAL,100,123,75,57,75,80,510,5
629.0,Vullaby,DARK,FLYING,70,55,75,45,65,60,370,5
630.0,Mandibuzz,FLYING,FLYING,110,65,105,55,95,80,510,5
631.0,Heatmor,FIRE,,85,97,66,105,66,65,484,5
632.0,Durant,BUG,STEEL,58,109,112,48,48,109,484,5
633.0,Deino,DRAGON,DRAGON,52,65,50,45,50,38,300,5
634.0,Zweilous,DRAGON,DARK,72,85,70,65,70,58,420,5
635.0,Hydreigon,DARK,DRAGON,92,105,90,125,90,98,600,5
636.0,Larvesta,FIRE,FIRE,55,85,55,50,55,60,360,5
637.0,Volcarona,FIRE,BUG,85,60,65,135,105,100,550,5
638.0,Cobalion,FIGHTING,FIGHTING,91,90,129,90,72,108,580,5
639.0,Terrakion,FIGHTING,ROCK,91,129,90,72,90,108,580,5
640.0,Virizion,FIGHTING,GRASS,91,90,72,90,129,108,580,5
641.0,Tornadus- Incarnate Forme,FLYING,FLYING,79,115,70,125,80,111,580,5
641.1,Tornadus- Therian Forme,FLYING,FLYING,79,100,80,110,90,121,580,5
642.0,Thundurus- Incarnate Forme,FLYING,ELECTRIC,79,115,70,125,80,111,580,5
642.1,Thundurus- Therian Forme,FLYING,ELECTRIC,79,105,70,145,80,101,580,5
643.0,Reshiram,FIRE,FIRE,100,120,100,150,120,90,680,5
644.0,Zekrom,ELECTRIC,DRAGON,100,150,120,120,100,90,680,5
645.0,Landorus- Incarnate Forme,FLYING,GROUND,89,125,90,115,80,101,600,5
645.1,Landorus- Therian Forme,FLYING,GROUND,89,145,90,105,80,91,600,5
646.0,Kyurem,ICE,DRAGON,125,130,90,130,90,95,660,5
646.1,White Kyurem,ICE,DRAGON,125,120,90,170,100,95,700,5
646.2,Black Kyurem,ICE,ICE,125,170,100,120,90,95,700,5
647.0,Keldeo- Ordinary Forme,FIGHTING,WATER,91,72,90,129,90,108,580,5
647.1,Keldeo- Resolute Forme,FIGHTING,WATER,91,72,90,129,90,108,580,5
648.0,Meloetta- Aria Forme,PSYCHIC,PSYCHIC,100,77,77,128,128,90,600,5
648.1,Meloetta- Pirouette Forme,FIGHTING,NORMAL,100,128,90,77,77,128,600,5
649.0,Genesect,STEEL,BUG,71,120,95,120,95,99,600,5
650.0,Chespin,GRASS,,56,61,65,48,45,38,313,6
651.0,Quilladin,GRASS,,61,78,95,56,58,57,405,6
652.0,Chesnaught,GRASS,FIGHTING,88,107,122,74,75,64,530,6
653.0,Fennekin,FIRE,,40,45,40,62,60,60,307,6
654.0,Braixen,FIRE,,59,59,58,90,70,73,409,6
655.0,Delphox,PSYCHIC,PSYCHIC,75,69,72,114,100,104,534,6
656.0,Froakie,WATER,,41,56,40,62,44,71,314,6
657.0,Frogadier,WATER,,54,63,52,83,56,97,405,6
658.0,Greninja,DARK,WATER,72,95,67,103,71,122,530,6
659.0,Bunnelby,NORMAL,,38,36,38,32,36,57,237,6
660.0,Diggersby,GROUND,GROUND,85,56,77,50,77,78,423,6
661.0,Fletchling,FLYING,NORMAL,45,50,43,40,38,62,278,6
662.0,Fletchinder,FLYING,FIRE,62,73,55,56,52,84,382,6
663.0,Talonflame,FLYING,FLYING,78,81,71,74,69,126,499,6
664.0,Scatterbug,BUG,,38,35,40,27,25,35,200,6
665.0,Spewpa,BUG,,45,22,60,27,30,29,213,6
666.0,Vivillon,FLYING,BUG,80,52,50,90,50,89,411,6
667.0,Litleo,NORMAL,FIRE,62,50,58,73,54,72,369,6
668.0,Pyroar,FIRE,NORMAL,86,68,72,109,66,106,507,6
669.0,Flabébé,FAIRY,,44,38,39,61,79,42,303,6
670.0,Floette,FAIRY,,54,45,47,75,98,52,371,6
671.0,Florges,FAIRY,,78,65,68,112,154,75,552,6
672.0,Skiddo,GRASS,,66,65,48,62,57,52,350,6
673.0,Gogoat,GRASS,,123,100,62,97,81,68,531,6
674.0,Pancham,FIGHTING,,67,82,62,46,48,43,348,6
675.0,Pangoro,DARK,FIGHTING,95,124,78,69,71,58,495,6
676.0,Furfrou,NORMAL,,75,80,60,65,90,102,472,6
677.0,Espurr,PSYCHIC,,62,48,54,63,60,68,355,6
678.0,Meowstic,PSYCHIC,,74,48,76,83,81,104,466,6
679.0,Honedge,GHOST,STEEL,45,80,100,35,37,28,325,6
680.0,Doublade,GHOST,STEEL,59,110,150,45,49,35,448,6
681.0,Aegislash- Blade Forme,GHOST,STEEL,60,150,50,150,50,60,520,6
681.1,Aegislash- Shield Forme,GHOST,STEEL,60,50,150,50,150,60,520,6
682.0,Spritzee,FAIRY,,78,52,60,63,65,23,341,6
683.0,Aromatisse,FAIRY,,101,72,72,99,89,29,462,6
684.0,Swirlix,FAIRY,,62,48,66,59,57,49,341,6
685.0,Slurpuff,FAIRY,,82,80,86,85,75,72,480,6
686.0,Inkay,PSYCHIC,DARK,53,54,53,37,46,45,288,6
687.0,Malamar,PSYCHIC,DARK,86,92,88,68,75,73,482,6
688.0,Binacle,WATER,ROCK,42,52,67,39,56,50,306,6
689.0,Barbaracle,WATER,WATER,72,105,115,54,86,68,500,6
690.0,Skrelp,WATER,POISON,50,60,60,60,60,30,320,6
691.0,Dragalge,DRAGON,POISON,65,75,90,97,123,44,494,6
692.0,Clauncher,WATER,,50,53,62,58,63,44,330,6
693.0,Clawitzer,WATER,,71,73,88,120,89,59,500,6
694.0,Helioptile,NORMAL,ELECTRIC,44,38,33,61,43,70,289,6
695.0,Heliolisk,NORMAL,ELECTRIC,62,55,52,109,94,109,481,6
696.0,Tyrunt,DRAGON,ROCK,58,89,77,45,45,48,362,6
697.0,Tyrantrum,DRAGON,ROCK,82,121,119,69,59,71,521,6
698.0,Amaura,ICE,ICE,77,59,50,67,63,46,362,6
699.0,Aurorus,ICE,ROCK,123,77,72,99,92,58,521,6
700.0,Sylveon,FAIRY,,95,65,65,110,130,60,525,6
701.0,Hawlucha,FLYING,FLYING,78,92,75,74,63,118,500,6
702.0,Dedenne,FAIRY,ELECTRIC,67,58,57,81,67,101,431,6
703.0,Carbink,FAIRY,FAIRY,50,50,150,50,150,50,500,6
704.0,Goomy,DRAGON,,45,50,35,55,75,40,300,6
705.0,Sliggoo,DRAGON,,68,75,53,83,113,60,452,6
706.0,Goodra,DRAGON,,90,100,70,110,150,80,600,6
707.0,Klefki,FAIRY,STEEL,57,80,91,80,87,75,470,6
708.0,Phantump,GRASS,GHOST,43,70,48,50,60,38,309,6
709.0,Trevenant,GRASS,GHOST,85,110,76,65,82,56,474,6
710.0,Pumpkaboo- Average Size,GRASS,GHOST,49,66,70,44,55,51,335,6
710.1,Pumpkaboo- Small Size,GRASS,GHOST,44,66,70,44,55,56,335,6
710.2,Pumpkaboo- Large Size,GRASS,GRASS,54,66,70,44,55,46,335,6
710.3,Pumpkaboo- Super Size,GRASS,GHOST,59,66,70,44,55,41,335,6
711.0,Gourgeist- Average Size,GRASS,GHOST,65,90,122,58,75,84,494,6
711.1,Gourgeist- Small Size,GRASS,GHOST,55,85,122,58,75,99,494,6
711.2,Gourgeist- Large Size,GRASS,GRASS,75,95,122,58,75,69,494,6
711.3,Gourgeist-Super Size,GRASS,GHOST,85,100,122,58,75,54,494,6
712.0,Bergmite,ICE,,55,69,85,32,35,28,304,6
713.0,Avalugg,ICE,,95,117,184,44,46,28,514,6
714.0,Noibat,DRAGON,FLYING,40,30,35,45,40,55,245,6
715.0,Noivern,DRAGON,FLYING,85,70,80,97,80,123,535,6
716.0,Xerneas,FAIRY,,126,131,95,131,98,99,680,6
717.0,Yveltal,FLYING,DARK,126,131,95,131,98,99,680,6
718.0,Zygarde,GROUND,GROUND,108,100,121,81,95,95,600,6
